"Time","Creamy","PRINCIPIA","Sallve"
"2020-01-01",4,1,2
"2020-02-01",4,1,2
"2020-03-01",5,1,2
"2020-04-01",11,1,3
"2020-05-01",11,2,5
"2020-06-01",11,2,6
"2020-07-01",14,2,7
"2020-08-01",8,3,6
"2020-09-01",7,2,4
"2020-10-01",7,2,5
"2020-11-01",10,2,6
"2020-12-01",9,3,5
"2021-01-01",12,4,6
"2021-02-01",11,3,6
"2021-03-01",12,4,7
"2021-04-01",15,5,8
"2021-05-01",11,6,7
"2021-06-01",11,7,8
"2021-07-01",11,9,7
"2021-08-01",9,8,5
"2021-09-01",8,8,7
"2021-10-01",9,7,5
"2021-11-01",10,8,7
"2021-12-01",9,7,5
"2022-01-01",12,10,8
"2022-02-01",12,10,7
"2022-03-01",11,10,7
"2022-04-01",10,10,7
"2022-05-01",10,11,8
"2022-06-01",9,12,7
"2022-07-01",11,13,8
"2022-08-01",12,13,7
"2022-09-01",12,16,8
"2022-10-01",10,15,7
"2022-11-01",12,18,10
"2022-12-01",12,17,10
"2023-01-01",13,26,9
"2023-02-01",14,26,10
"2023-03-01",18,31,11
"2023-04-01",24,34,10
"2023-05-01",22,33,10
"2023-06-01",21,35,9
"2023-07-01",21,40,11
"2023-08-01",21,44,10
"2023-09-01",19,44,10
"2023-10-01",24,43,12
"2023-11-01",34,45,13
"2023-12-01",38,48,14
"2024-01-01",47,64,16
"2024-02-01",41,64,16
"2024-03-01",39,63,13
"2024-04-01",36,64,11
"2024-05-01",29,66,10
"2024-06-01",34,72,11
"2024-07-01",39,75,11
"2024-08-01",35,76,12
"2024-09-01",33,71,14
"2024-10-01",33,68,13
"2024-11-01",63,82,17
"2024-12-01",45,68,14
"2025-01-01",49,70,16
"2025-02-01",39,69,16
"2025-03-01",45,68,15
"2025-04-01",44,58,14
"2025-05-01",44,60,13
"2025-06-01",42,60,14
"2025-07-01",46,73,15
"2025-08-01",41,75,14
"2025-09-01",35,70,15
"2025-10-01",37,75,13
"2025-11-01",50,82,17
"2025-12-01",39,75,13
"2026-01-01",43,85,13
"2026-02-01",47,78,12
"2026-03-01",47,82,13
"2026-04-01",45,75,14
"2026-05-01",44,78,13
"2026-06-01",47,73,13
"2026-07-01",55,92,16
"2026-08-01",51,100,15
"2026-09-01",46,94,15