"query","search interest","increase percent"
"sallve protetor",100,"1.200%"
"protetor sallve",97,"1.000%"
"sallve protetor solar",74,"1.150%"
"protetor solar sallve",72,"1.250%"
"protetor solar",71,"1.200%"
"hidratante sallve",60,"20%"
"sallve hidratante",53,"4%"
"serum sallve",28,"250%"
"creamy",28,"Breakout"
"sallve antiacne",25,"Breakout"
"creme sallve",23,"20%"
"sallve produtos",20,"60%"
"vitamina c sallve",20,"-30%"
"vitamina c",20,"-40%"
"sallve cupom",20,"-2%"
"sallve vitamina c",19,"-40%"
"principia",19,"Breakout"
"produtos sallve",19,"50%"
"cupom sallve",19,"-6%"
"sabonete sallve",18,"130%"
"salve",18,"-70%"
"sallve sabonete",18,"150%"
"kit sallve",17,"700%"
"sallve kit",17,"800%"
"sallve tonico",16,"400%"
"tonico sallve",16,"1.250%"
"antiatrito sallve",16,"Breakout"
"protetor com cor sallve",15,"Breakout"
"protetor sallve bastao",15,"Breakout"
"sallve antiatrito",15,"Breakout"
"protetor sallve com cor",14,"Breakout"
"antioxidante sallve",13,"-70%"
"esfoliante sallve",13,"-30%"
"sallve antioxidante",13,"-70%"
"sallve resenha",13,"-50%"
"hidratante facial sallve",13,"170%"
"sallve esfoliante",12,"-30%"
"retinol sallve",12,"350%"
"sallve retinol",12,"600%"
"hidratante facial",12,"190%"
"retinol",12,"900%"
"sallve hidratante facial",11,"140%"
"protetor solar sallve com cor",10,"Breakout"
"sallve protetor solar com cor",10,"Breakout"
"protetor solar com cor sallve",10,"Breakout"
"protetor solar com cor",10,"Breakout"
"protetor solar bastao sallve",10,"Breakout"
"protetor solar sallve bastao",10,"Breakout"
"protetor solar bastao",10,"Breakout"
"sallve protetor solar bastao",10,"Breakout"