"Region","principia","sallve","creamy"
"Sergipe",59,13,28
"Bahia",58,13,29
"Alagoas",58,12,30
"Paraíba",58,10,32
"Piauí",57,11,32
"Maranhão",57,10,33
"Pernambuco",56,13,31
"Espírito Santo",56,12,32
"Minas Gerais",56,12,32
"Rio de Janeiro",54,16,30
"Ceará",54,14,32
"Rio Grande do Norte",54,13,33
"Amazonas",53,11,36
"Goiás",53,11,36
"Roraima",53,11,36
"Tocantins",52,12,36
"Pará",52,10,38
"Distrito Federal",51,15,34
"Acre",50,13,37
"Rondônia",50,12,38
"Mato Grosso",50,11,39
"Mato Grosso do Sul",49,12,39
"Rio Grande do Sul",48,13,39
"Santa Catarina",48,13,39
"São Paulo",47,17,36
"Amapá",47,11,42
"Paraná",46,11,43